{
  "type": "footer",
  "name": "t:labels.footer_group",
  "sections": {
    "footer-promotions": {
      "type": "footer-promotions",
      "settings": {},
      "blocks": {
        "footer-promotions-0": {
          "type": "promotion",
          "settings": {
            "enable_image": true,
            "color_scheme": "1"
          }
        },
        "footer-promotions-1": {
          "type": "promotion",
          "settings": {
            "enable_image": true,
            "color_scheme": "3"
          }
        },
        "footer-promotions-2": {
          "type": "promotion",
          "settings": {
            "enable_image": true,
            "color_scheme": "2"
          }
        }
      },
      "block_order": [
        "footer-promotions-0",
        "footer-promotions-1",
        "footer-promotions-2"
      ]
    },
    "footer": {
      "type": "footer",
      "settings": {},
      "blocks": {
        "footer-0": {
          "type": "menu",
          "settings": {
            "menu": "footer",
            "enable_account_link": false
          }
        },
        "footer-1": {
          "type": "contact",
          "settings": {
            "phone": "+1 800 123 1234",
            "enable_social": true
          }
        },
        "footer-2": {
          "type": "payment",
          "settings": {
            "show_payment_icons": true,
            "show_locale_selector": true,
            "show_currency_selector": true
          }
        }
      },
      "block_order": [
        "footer-0",
        "footer-1",
        "footer-2"
      ]
    }
  },
  "order": [
    "footer-promotions",
    "footer"
  ]
}
