{"type":"custom.popups","name":"t:labels.popups","sections":{"newsletter-popup":{"type":"newsletter-popup","blocks":{"reminder-block":{"type":"header","disabled":true,"settings":{}}},"block_order":["reminder-block"],"settings":{"popup_seconds":5,"popup_days":30,"popup_title":"Save 10% off your first purchase","popup_text":"<p>Sign up today and we&#x27;ll send you a 10% discount code towards your first purchase.<\/p>","color_scheme":"3","enable_newsletter":true,"button_label":"Optional button"}},"age-verification-popup":{"type":"age-verification-popup","disabled":true,"settings":{}}},"order":["newsletter-popup","age-verification-popup"]}