{"order":["collection-header","promo-grid","main-collection","recently-viewed"],"sections":{"collection-header":{"settings":{},"type":"collection-header"},"main-collection":{"block_order":["collection_description","subcollections","product_grid"],"blocks":{"collection_description":{"settings":{},"type":"collection_description"},"product_grid":{"settings":{},"type":"product_grid"},"subcollections":{"settings":{},"type":"subcollections"}},"settings":{},"type":"main-collection"},"promo-grid":{"block_order":["banner"],"blocks":{"banner":{"settings":{"color_scheme":"1"},"type":"banner"}},"settings":{"space_below":false},"type":"promo-grid"},"recently-viewed":{"settings":{},"type":"recently-viewed"}}}