{
  "sections": {
    "collection-header": {
      "type": "collection-header",
      "settings": {}
    },
    "main-collection": {
      "type": "main-collection",
      "blocks": {
        "collection_description": {
          "type": "collection_description",
          "settings": {}
        },
        "product_grid": {
          "type": "product_grid",
          "settings": {}
        },
        "subcollections": {
          "type": "subcollections",
          "settings": {}
        }
      },
      "block_order": [
        "collection_description",
        "subcollections",
        "product_grid"
      ],
      "settings": {}
    },
    "promo-grid": {
      "type": "promo-grid",
      "blocks": {
        "banner": {
          "type": "banner",
          "settings": {
            "color_scheme": "1"
          }
        }
      },
      "block_order": [
        "banner"
      ],
      "settings": {
        "space_below": false
      }
    },
    "recently-viewed": {
      "type": "recently-viewed",
      "settings": {}
    }
  },
  "order": [
    "collection-header",
    "promo-grid",
    "main-collection",
    "recently-viewed"
  ]
}
