{
  "sections": {
    "slideshow": {
      "type": "slideshow",
      "blocks": {
        "slide-1": {
          "type": "hero",
          "settings": {
            "title": "<p>Overlaid Hero Slide<\/p>",
            "subheading": "Perfect for rich lifestyle photography.",
            "text_align": "vertical-bottom horizontal-left"
          }
        },
        "slide-2": {
          "type": "hero",
          "settings": {
            "title": "<p>Make an Impact<\/p>",
            "subheading": "Supports multiple text alignments and mobile-specific images.",
            "text_align": "vertical-center horizontal-center"
          }
        }
      },
      "block_order": [
        "slide-1",
        "slide-2"
      ],
      "settings": {
        "full_width": true,
        "desktop_size": 0,
        "mobile_size": 80,
        "style": "arrows",
        "autoplay": true,
        "autoplay_speed": 5
      }
    },
    "featured-collection": {
      "type": "featured-collection",
      "settings": {
        "title": "Featured collection",
        "heading_size": "h2",
        "heading_position": "left",
        "count": 5,
        "products_per_row": 5,
        "mobile_scrollable": true,
        "view_all": true,
        "divider": false
      }
    },
    "countdown": {
      "type": "countdown",
      "blocks": {
        "block-1": {
          "type": "content",
          "settings": {
            "heading": "Countdown",
            "heading_size": "h3",
            "text": "<p>Use this timer to create urgency and boost sales.<\/p>",
            "content_alignment": "left"
          }
        },
        "block-2": {
          "type": "timer",
          "settings": {
            "year": "2024",
            "month": "07",
            "day": "1",
            "hour": "03",
            "minute": "00",
            "hide_timer": false,
            "text": ""
          }
        },
        "block-3": {
          "type": "button",
          "disabled": true,
          "settings": {
            "button_link": "",
            "button": "Shop Collection",
            "button_style": "solid"
          }
        }
      },
      "block_order": [
        "block-1",
        "block-2",
        "block-3"
      ],
      "settings": {
        "layout": "banner",
        "full_width": false,
        "color_scheme": "1",
        "blur_image": true,
        "overlay_color": "#82350e",
        "overlay_opacity": 42
      }
    },
    "featured-collections": {
      "type": "featured-collections",
      "blocks": {
        "featured-collections-0": {
          "type": "collection",
          "settings": {}
        },
        "featured-collections-1": {
          "type": "collection",
          "settings": {}
        },
        "featured-collections-2": {
          "type": "collection",
          "settings": {}
        },
        "featured-collections-3": {
          "type": "collection",
          "settings": {}
        },
        "featured-collections-4": {
          "type": "collection",
          "settings": {}
        },
        "featured-collections-5": {
          "type": "collection",
          "settings": {}
        }
      },
      "block_order": [
        "featured-collections-0",
        "featured-collections-1",
        "featured-collections-2",
        "featured-collections-3",
        "featured-collections-4",
        "featured-collections-5"
      ],
      "settings": {
        "title": "Popular categories",
        "heading_size": "h2",
        "heading_position": "left",
        "divider": false
      }
    },
    "hotspots": {
      "type": "hotspots",
      "blocks": {
        "block-1": {
          "type": "product",
          "settings": {
            "vertical": 70,
            "horizontal": 33
          }
        },
        "block-2": {
          "type": "product",
          "settings": {
            "vertical": 14,
            "horizontal": 81
          }
        },
        "block-3": {
          "type": "product",
          "settings": {
            "vertical": 46,
            "horizontal": 79
          }
        }
      },
      "block_order": [
        "block-1",
        "block-2",
        "block-3"
      ],
      "settings": {
        "title": "Shop the look",
        "heading_size": "h1",
        "heading_position": "left",
        "indent_image": true,
        "image_position": "right",
        "hotspot_style": "bag",
        "hotspot_color": "#ffffff"
      }
    },
    "testimonials": {
      "type": "testimonials",
      "blocks": {
        "block-1": {
          "type": "testimonial",
          "settings": {}
        },
        "block-2": {
          "type": "testimonial",
          "settings": {}
        },
        "block-3": {
          "type": "testimonial",
          "settings": {}
        },
        "block-4": {
          "type": "testimonial",
          "settings": {}
        },
        "block-5": {
          "type": "testimonial",
          "settings": {}
        }
      },
      "block_order": [
        "block-1",
        "block-2",
        "block-3",
        "block-4",
        "block-5"
      ],
      "settings": {
        "title": "Don't take our word for it",
        "align_text": "center",
        "round_images": true,
        "color_scheme": "3"
      }
    },
    "featured-collection2": {
      "type": "featured-collection",
      "settings": {
        "title": "Featured Collection",
        "heading_size": "h2",
        "heading_position": "left",
        "count": 5,
        "products_per_row": 5,
        "mobile_scrollable": false,
        "view_all": true,
        "divider": false
      }
    },
    "slideshow-split": {
      "type": "slideshow-split",
      "blocks": {
        "slide-1": {
          "type": "slide",
          "settings": {
            "title": "Side by side slide",
            "title_size": 40,
            "subheading": "Tailored for longer text and smaller images. Explain more about your promotion.",
            "link": "shopify:\/\/collections\/all",
            "link_text": "Shop now",
            "text_position": "left",
            "indent_image": false,
            "color_scheme": "1"
          }
        }
      },
      "block_order": [
        "slide-1"
      ],
      "settings": {
        "full_width": true,
        "height": 550,
        "height_mobile": 450,
        "style": "arrows",
        "autoplay": true,
        "autoplay_speed": 7
      }
    },
    "logo-list": {
      "type": "logo-list",
      "blocks": {
        "block-1": {
          "type": "logo_image",
          "settings": {}
        },
        "block-2": {
          "type": "logo_image",
          "settings": {}
        },
        "block-3": {
          "type": "logo_image",
          "settings": {}
        },
        "block-4": {
          "type": "logo_image",
          "settings": {}
        },
        "block-5": {
          "type": "logo_image",
          "settings": {}
        },
        "block-6": {
          "type": "logo_image",
          "settings": {}
        },
        "block-7": {
          "type": "logo_image",
          "settings": {}
        },
        "block-8": {
          "type": "logo_image",
          "settings": {}
        },
        "block-9": {
          "type": "logo_image",
          "settings": {}
        },
        "block-10": {
          "type": "logo_image",
          "settings": {}
        },
        "block-11": {
          "type": "logo_image",
          "settings": {}
        },
        "block-12": {
          "type": "logo_image",
          "settings": {}
        }
      },
      "block_order": [
        "block-1",
        "block-2",
        "block-3",
        "block-4",
        "block-5",
        "block-6",
        "block-7",
        "block-8",
        "block-9",
        "block-10",
        "block-11",
        "block-12"
      ],
      "settings": {
        "title": "Shop by brand",
        "heading_size": "h2",
        "heading_position": "left",
        "divider": false
      }
    },
    "image-compare": {
      "type": "image-compare",
      "blocks": {
        "block-1": {
          "type": "image",
          "settings": {}
        },
        "block-2": {
          "type": "image",
          "settings": {}
        }
      },
      "block_order": [
        "block-1",
        "block-2"
      ],
      "settings": {
        "heading": "",
        "heading_size": "h2",
        "heading_position": "left",
        "fullwidth": true,
        "slider_style": "classic",
        "height": 500,
        "color": "#ffffff"
      }
    },
    "slideshow-split2": {
      "type": "slideshow-split",
      "blocks": {
        "slideshow-split2-0": {
          "type": "slide",
          "settings": {
            "title": "Highlight products",
            "title_size": 45,
            "subheading": "Repurpose your product photography with our \"Indented\" image option",
            "text_position": "left",
            "indent_image": true,
            "color_scheme": "2"
          }
        }
      },
      "block_order": [
        "slideshow-split2-0"
      ],
      "settings": {
        "full_width": true,
        "height": 550,
        "height_mobile": 450,
        "style": "arrows",
        "autoplay": true,
        "autoplay_speed": 7
      }
    },
    "promo-grid": {
      "type": "promo-grid",
      "blocks": {
        "block-1": {
          "type": "banner",
          "settings": {
            "heading": "Free U.S. shipping",
            "text": "On all orders over $100",
            "link": "shopify:\/\/collections\/all",
            "label": "Shop now",
            "color_scheme": "1"
          }
        }
      },
      "block_order": [
        "block-1"
      ],
      "settings": {
        "full_width": true,
        "gutter_size": 0,
        "space_above": false,
        "space_below": false
      }
    },
    "featured-collection3": {
      "type": "featured-collection",
      "settings": {
        "title": "",
        "heading_size": "h2",
        "heading_position": "left",
        "count": 5,
        "products_per_row": 5,
        "mobile_scrollable": true,
        "view_all": true,
        "divider": false
      }
    },
    "slideshow-split3": {
      "type": "slideshow-split",
      "blocks": {
        "slideshow-split3-0": {
          "type": "slide",
          "settings": {
            "title_size": 40,
            "text_position": "right",
            "indent_image": false,
            "color_scheme": "2"
          }
        }
      },
      "block_order": [
        "slideshow-split3-0"
      ],
      "settings": {
        "full_width": true,
        "height": 550,
        "height_mobile": 400,
        "style": "arrows",
        "autoplay": true,
        "autoplay_speed": 7
      }
    },
    "text-columns": {
      "type": "text-columns",
      "blocks": {
        "block-1": {
          "type": "text_block",
          "settings": {}
        },
        "block-2": {
          "type": "text_block",
          "settings": {}
        },
        "block-3": {
          "type": "text_block",
          "settings": {}
        }
      },
      "block_order": [
        "block-1",
        "block-2",
        "block-3"
      ],
      "settings": {
        "title": "",
        "align_text": "left",
        "divider": false,
        "color_scheme": "none"
      }
    },
    "rich-text": {
      "type": "rich-text",
      "blocks": {
        "text": {
          "type": "text",
          "settings": {
            "enlarge_text": true
          }
        }
      },
      "block_order": [
        "text"
      ],
      "settings": {
        "align_text": "center",
        "narrow_column": true,
        "color_scheme": "none",
        "divider": false
      }
    },
    "blog-posts": {
      "type": "blog-posts",
      "settings": {
        "title": "From the journal",
        "heading_size": "h2",
        "heading_position": "left",
        "blog": "news",
        "blog_show_tags": true,
        "blog_show_date": false,
        "blog_show_comments": false,
        "blog_show_author": false,
        "blog_image_size": "square",
        "divider": false
      }
    },
    "newsletter": {
      "type": "newsletter",
      "blocks": {
        "title": {
          "type": "title",
          "settings": {
            "title": "Save 10% on your first purchase",
            "heading_size": "h2"
          }
        },
        "text": {
          "type": "text",
          "settings": {
            "text": "<p>Sign up today and we'll send you a 10% discount code towards<br\/>your first purchase.<\/p>"
          }
        },
        "form": {
          "type": "form",
          "settings": {}
        }
      },
      "block_order": [
        "title",
        "text",
        "form"
      ],
      "settings": {
        "color_scheme": "2",
        "align_text": "center",
        "image_width": "33",
        "image_mask": "none",
        "image_position": "right",
        "divider": false,
        "top_padding": true,
        "bottom_padding": true
      }
    }
  },
  "order": [
    "slideshow",
    "featured-collection",
    "countdown",
    "featured-collections",
    "hotspots",
    "testimonials",
    "featured-collection2",
    "slideshow-split",
    "logo-list",
    "image-compare",
    "slideshow-split2",
    "promo-grid",
    "featured-collection3",
    "slideshow-split3",
    "text-columns",
    "rich-text",
    "blog-posts",
    "newsletter"
  ]
}
