{"order":["slideshow","featured-collection","countdown","featured-collections","hotspots","testimonials","featured-collection2","slideshow-split","logo-list","image-compare","slideshow-split2","promo-grid","featured-collection3","slideshow-split3","text-columns","rich-text","blog-posts","newsletter"],"sections":{"blog-posts":{"settings":{"blog":"news","blog_image_size":"square","blog_show_author":false,"blog_show_comments":false,"blog_show_date":false,"blog_show_tags":true,"divider":false,"heading_position":"left","heading_size":"h2","title":"From the journal"},"type":"blog-posts"},"countdown":{"block_order":["block-1","block-2","block-3"],"blocks":{"block-1":{"settings":{"content_alignment":"left","heading":"Countdown","heading_size":"h3","text":"\u003cp\u003eUse this timer to create urgency and boost sales.\u003c/p\u003e"},"type":"content"},"block-2":{"settings":{"day":"1","hide_timer":false,"hour":"03","minute":"00","month":"07","text":"","year":"2024"},"type":"timer"},"block-3":{"disabled":true,"settings":{"button":"Shop Collection","button_link":"","button_style":"solid"},"type":"button"}},"settings":{"blur_image":true,"color_scheme":"1","full_width":false,"layout":"banner","overlay_color":"#82350e","overlay_opacity":42},"type":"countdown"},"featured-collection":{"settings":{"count":5,"divider":false,"heading_position":"left","heading_size":"h2","mobile_scrollable":true,"products_per_row":5,"title":"Featured collection","view_all":true},"type":"featured-collection"},"featured-collection2":{"settings":{"count":5,"divider":false,"heading_position":"left","heading_size":"h2","mobile_scrollable":false,"products_per_row":5,"title":"Featured Collection","view_all":true},"type":"featured-collection"},"featured-collection3":{"settings":{"count":5,"divider":false,"heading_position":"left","heading_size":"h2","mobile_scrollable":true,"products_per_row":5,"title":"","view_all":true},"type":"featured-collection"},"featured-collections":{"block_order":["featured-collections-0","featured-collections-1","featured-collections-2","featured-collections-3","featured-collections-4","featured-collections-5"],"blocks":{"featured-collections-0":{"settings":{},"type":"collection"},"featured-collections-1":{"settings":{},"type":"collection"},"featured-collections-2":{"settings":{},"type":"collection"},"featured-collections-3":{"settings":{},"type":"collection"},"featured-collections-4":{"settings":{},"type":"collection"},"featured-collections-5":{"settings":{},"type":"collection"}},"settings":{"divider":false,"heading_position":"left","heading_size":"h2","title":"Popular categories"},"type":"featured-collections"},"hotspots":{"block_order":["block-1","block-2","block-3"],"blocks":{"block-1":{"settings":{"horizontal":33,"vertical":70},"type":"product"},"block-2":{"settings":{"horizontal":81,"vertical":14},"type":"product"},"block-3":{"settings":{"horizontal":79,"vertical":46},"type":"product"}},"settings":{"heading_position":"left","heading_size":"h1","hotspot_color":"#ffffff","hotspot_style":"bag","image_position":"right","indent_image":true,"title":"Shop the look"},"type":"hotspots"},"image-compare":{"block_order":["block-1","block-2"],"blocks":{"block-1":{"settings":{},"type":"image"},"block-2":{"settings":{},"type":"image"}},"settings":{"color":"#ffffff","fullwidth":true,"heading":"","heading_position":"left","heading_size":"h2","height":500,"slider_style":"classic"},"type":"image-compare"},"logo-list":{"block_order":["block-1","block-2","block-3","block-4","block-5","block-6","block-7","block-8","block-9","block-10","block-11","block-12"],"blocks":{"block-1":{"settings":{},"type":"logo_image"},"block-10":{"settings":{},"type":"logo_image"},"block-11":{"settings":{},"type":"logo_image"},"block-12":{"settings":{},"type":"logo_image"},"block-2":{"settings":{},"type":"logo_image"},"block-3":{"settings":{},"type":"logo_image"},"block-4":{"settings":{},"type":"logo_image"},"block-5":{"settings":{},"type":"logo_image"},"block-6":{"settings":{},"type":"logo_image"},"block-7":{"settings":{},"type":"logo_image"},"block-8":{"settings":{},"type":"logo_image"},"block-9":{"settings":{},"type":"logo_image"}},"settings":{"divider":false,"heading_position":"left","heading_size":"h2","title":"Shop by brand"},"type":"logo-list"},"newsletter":{"block_order":["title","text","form"],"blocks":{"form":{"settings":{},"type":"form"},"text":{"settings":{"text":"\u003cp\u003eSign up today and we'll send you a 10% discount code towards\u003cbr/\u003eyour first purchase.\u003c/p\u003e"},"type":"text"},"title":{"settings":{"heading_size":"h2","title":"Save 10% on your first purchase"},"type":"title"}},"settings":{"align_text":"center","bottom_padding":true,"color_scheme":"2","divider":false,"image_mask":"none","image_position":"right","image_width":"33","top_padding":true},"type":"newsletter"},"promo-grid":{"block_order":["block-1"],"blocks":{"block-1":{"settings":{"color_scheme":"1","heading":"Free U.S. shipping","label":"Shop now","link":"shopify://collections/all","text":"On all orders over $100"},"type":"banner"}},"settings":{"full_width":true,"gutter_size":0,"space_above":false,"space_below":false},"type":"promo-grid"},"rich-text":{"block_order":["text"],"blocks":{"text":{"settings":{"enlarge_text":true},"type":"text"}},"settings":{"align_text":"center","color_scheme":"none","divider":false,"narrow_column":true},"type":"rich-text"},"slideshow":{"block_order":["slide-1","slide-2"],"blocks":{"slide-1":{"settings":{"subheading":"Perfect for rich lifestyle photography.","text_align":"vertical-bottom horizontal-left","title":"\u003cp\u003eOverlaid Hero Slide\u003c/p\u003e"},"type":"hero"},"slide-2":{"settings":{"subheading":"Supports multiple text alignments and mobile-specific images.","text_align":"vertical-center horizontal-center","title":"\u003cp\u003eMake an Impact\u003c/p\u003e"},"type":"hero"}},"settings":{"autoplay":true,"autoplay_speed":5,"desktop_size":0,"full_width":true,"mobile_size":80,"style":"arrows"},"type":"slideshow"},"slideshow-split":{"block_order":["slide-1"],"blocks":{"slide-1":{"settings":{"color_scheme":"1","indent_image":false,"link":"shopify://collections/all","link_text":"Shop now","subheading":"Tailored for longer text and smaller images. Explain more about your promotion.","text_position":"left","title":"Side by side slide","title_size":40},"type":"slide"}},"settings":{"autoplay":true,"autoplay_speed":7,"full_width":true,"height":550,"height_mobile":450,"style":"arrows"},"type":"slideshow-split"},"slideshow-split2":{"block_order":["slideshow-split2-0"],"blocks":{"slideshow-split2-0":{"settings":{"color_scheme":"2","indent_image":true,"subheading":"Repurpose your product photography with our \"Indented\" image option","text_position":"left","title":"Highlight products","title_size":45},"type":"slide"}},"settings":{"autoplay":true,"autoplay_speed":7,"full_width":true,"height":550,"height_mobile":450,"style":"arrows"},"type":"slideshow-split"},"slideshow-split3":{"block_order":["slideshow-split3-0"],"blocks":{"slideshow-split3-0":{"settings":{"color_scheme":"2","indent_image":false,"text_position":"right","title_size":40},"type":"slide"}},"settings":{"autoplay":true,"autoplay_speed":7,"full_width":true,"height":550,"height_mobile":400,"style":"arrows"},"type":"slideshow-split"},"testimonials":{"block_order":["block-1","block-2","block-3","block-4","block-5"],"blocks":{"block-1":{"settings":{},"type":"testimonial"},"block-2":{"settings":{},"type":"testimonial"},"block-3":{"settings":{},"type":"testimonial"},"block-4":{"settings":{},"type":"testimonial"},"block-5":{"settings":{},"type":"testimonial"}},"settings":{"align_text":"center","color_scheme":"3","round_images":true,"title":"Don't take our word for it"},"type":"testimonials"},"text-columns":{"block_order":["block-1","block-2","block-3"],"blocks":{"block-1":{"settings":{},"type":"text_block"},"block-2":{"settings":{},"type":"text_block"},"block-3":{"settings":{},"type":"text_block"}},"settings":{"align_text":"left","color_scheme":"none","divider":false,"title":""},"type":"text-columns"}}}