{"layout":"password","sections":{"password-header":{"type":"password-header","settings":{}},"slideshow":{"type":"slideshow","blocks":{"1524769873765-0":{"type":"hero","settings":{"title":"<p>Opening soon<\/p>","title_size":60,"subheading":"","link_text":"","color_accent":"#000000","text_align":"vertical-center horizontal-center"}}},"block_order":["1524769873765-0"],"settings":{"desktop_size":0,"mobile_size":0,"style":"bars","autoplay":false}},"newsletter":{"type":"newsletter","blocks":{"password-newsletter-title":{"type":"title","settings":{"title":"Be the first to know"}},"password-newsletter-text":{"type":"text","settings":{"text":"<p>Get notified when we re-open our online store.<\/p>"}},"password-newsletter-form":{"type":"form","settings":{}},"password-newsletter-share":{"type":"share_buttons","settings":{}}},"block_order":["password-newsletter-title","password-newsletter-text","password-newsletter-form","password-newsletter-share"],"settings":{"color_scheme":"3"}}},"order":["password-header","slideshow","newsletter"]}