{"order":["main","sub","recommendations","more-products-vendor","more-products-collection","recently-viewed","collection-return"],"sections":{"collection-return":{"settings":{},"type":"collection-return"},"main":{"block_order":["title","variant_picker","price","sales_point","sales_point2","sales_point3","sales_point4","inventory_status","buy_buttons"],"blocks":{"buy_buttons":{"settings":{},"type":"buy_buttons"},"inventory_status":{"settings":{},"type":"inventory_status"},"price":{"settings":{},"type":"price"},"sales_point":{"settings":{},"type":"sales_point"},"sales_point2":{"settings":{"icon":"truck","text":"Free returns"},"type":"sales_point"},"sales_point3":{"settings":{"icon":"leaf","text":"Carbon neutral"},"type":"sales_point"},"sales_point4":{"settings":{"icon":"lock","text":"Secure payments"},"type":"sales_point"},"share":{"settings":{},"type":"share"},"title":{"settings":{"vendor_enable":true},"type":"title"},"variant_picker":{"settings":{},"type":"variant_picker"}},"settings":{},"type":"main-product"},"more-products-collection":{"settings":{},"type":"more-products-collection"},"more-products-vendor":{"settings":{},"type":"more-products-vendor"},"recently-viewed":{"settings":{},"type":"recently-viewed"},"recommendations":{"settings":{},"type":"product-recommendations"},"sub":{"block_order":["description","tab","contact"],"blocks":{"contact":{"settings":{},"type":"contact"},"description":{"settings":{"is_tab":true},"type":"description"},"tab":{"settings":{},"type":"tab"}},"settings":{},"type":"product-full-width"}}}