{"sections":{"main":{"type":"main-product","blocks":{"title":{"type":"title","settings":{"vendor_enable":true}},"price":{"type":"price","settings":{}},"quantity_selector":{"type":"quantity_selector","settings":{}},"buy_buttons":{"type":"buy_buttons","settings":{}},"description":{"type":"description","settings":{}},"variant_picker":{"type":"variant_picker","settings":{}},"inventory_status":{"type":"inventory_status","settings":{}},"share":{"type":"share","settings":{}},"sales_point":{"type":"sales_point","settings":{}},"tab":{"type":"tab","settings":{}},"text":{"type":"text","settings":{}},"separator":{"type":"separator","settings":{}},"contact":{"type":"contact","settings":{}}},"block_order":["title","description","separator","variant_picker","buy_buttons","share"],"settings":{}},"sub":{"type":"product-full-width","disabled":true,"settings":{}},"recently-viewed":{"type":"recently-viewed","disabled":true,"settings":{}}},"order":["main","sub","recently-viewed"]}