{
  "sections": {
    "main": {
      "type": "main-product",
      "blocks": {
        "title": {
          "type": "title",
          "settings": {
            "vendor_enable": true
          }
        },
        "price": {
          "type": "price",
          "settings": {}
        },
        "buy_buttons": {
          "type": "buy_buttons",
          "settings": {}
        },
        "variant_picker": {
          "type": "variant_picker",
          "settings": {}
        },
        "inventory_status": {
          "type": "inventory_status",
          "settings": {}
        },
        "share": {
          "type": "share",
          "settings": {}
        },
        "sales_point": {
          "type": "sales_point",
          "settings": {}
        },
        "sales_point2": {
          "type": "sales_point",
          "settings": {
            "icon": "truck",
            "text": "Free returns"
          }
        },
        "sales_point3": {
          "type": "sales_point",
          "settings": {
            "icon": "leaf",
            "text": "Carbon neutral"
          }
        },
        "sales_point4": {
          "type": "sales_point",
          "settings": {
            "icon": "lock",
            "text": "Secure payments"
          }
        }
      },
      "block_order": [
        "title",
        "variant_picker",
        "price",
        "sales_point",
        "sales_point2",
        "sales_point3",
        "sales_point4",
        "inventory_status",
        "buy_buttons"
      ],
      "settings": {}
    },
    "sub": {
      "type": "product-full-width",
      "blocks": {
        "description": {
          "type": "description",
          "settings": {
            "is_tab": true
          }
        },
        "tab": {
          "type": "tab",
          "settings": {}
        },
        "contact": {
          "type": "contact",
          "settings": {}
        }
      },
      "block_order": [
        "description",
        "tab",
        "contact"
      ],
      "settings": {}
    },
    "recommendations": {
      "type": "product-recommendations",
      "settings": {}
    },
    "more-products-vendor": {
      "type": "more-products-vendor",
      "settings": {}
    },
    "more-products-collection": {
      "type": "more-products-collection",
      "settings": {}
    },
    "recently-viewed": {
      "type": "recently-viewed",
      "settings": {}
    },
    "collection-return": {
      "type": "collection-return",
      "settings": {}
    }
  },
  "order": [
    "main",
    "sub",
    "recommendations",
    "more-products-vendor",
    "more-products-collection",
    "recently-viewed",
    "collection-return"
  ]
}
